<?xml version="1.0" encoding="utf-8" ?>
<dwsync>
<file name="fotogr1.jpg" server="ftp.cursocreativo.com" local="128324826000000000" remote="129371877600000000" />
<file name="fotogr10.jpg" server="ftp.cursocreativo.com" local="128324826000000000" remote="129371877600000000" />
<file name="fotogr11.jpg" server="ftp.cursocreativo.com" local="128324826000000000" remote="129371877600000000" />
<file name="fotogr12.jpg" server="ftp.cursocreativo.com" local="128324826000000000" remote="129371877600000000" />
<file name="fotogr13.jpg" server="ftp.cursocreativo.com" local="128324826000000000" remote="129371877600000000" />
<file name="fotogr14.jpg" server="ftp.cursocreativo.com" local="128324826000000000" remote="129371877600000000" />
<file name="fotogr15.jpg" server="ftp.cursocreativo.com" local="128324826000000000" remote="129371877600000000" />
<file name="fotogr16.jpg" server="ftp.cursocreativo.com" local="128324826000000000" remote="129371877600000000" />
<file name="fotogr17.jpg" server="ftp.cursocreativo.com" local="128324826000000000" remote="129371877600000000" />
<file name="fotogr18.jpg" server="ftp.cursocreativo.com" local="128324826000000000" remote="129371877600000000" />
<file name="fotogr19.jpg" server="ftp.cursocreativo.com" local="128324826000000000" remote="129371877600000000" />
<file name="fotogr2.jpg" server="ftp.cursocreativo.com" local="128324826000000000" remote="129371877600000000" />
<file name="fotogr20.jpg" server="ftp.cursocreativo.com" local="128324826000000000" remote="129371877600000000" />
<file name="fotogr21.jpg" server="ftp.cursocreativo.com" local="128324826000000000" remote="129371877600000000" />
<file name="fotogr22.jpg" server="ftp.cursocreativo.com" local="128324826000000000" remote="129371877600000000" />
<file name="fotogr23.jpg" server="ftp.cursocreativo.com" local="128324826000000000" remote="129371877600000000" />
<file name="fotogr24.jpg" server="ftp.cursocreativo.com" local="128324826000000000" remote="129371877600000000" />
<file name="fotogr25.jpg" server="ftp.cursocreativo.com" local="128324826000000000" remote="129371877600000000" />
<file name="fotogr26.jpg" server="ftp.cursocreativo.com" local="128324826000000000" remote="129371877600000000" />
<file name="fotogr27.jpg" server="ftp.cursocreativo.com" local="128324826000000000" remote="129371877600000000" />
<file name="fotogr28.jpg" server="ftp.cursocreativo.com" local="128324826000000000" remote="129371877600000000" />
<file name="fotogr29.jpg" server="ftp.cursocreativo.com" local="128324826000000000" remote="129371877600000000" />
<file name="fotogr3.jpg" server="ftp.cursocreativo.com" local="128324826000000000" remote="129371877600000000" />
<file name="fotogr30.jpg" server="ftp.cursocreativo.com" local="128324826000000000" remote="129371877600000000" />
<file name="fotogr31.jpg" server="ftp.cursocreativo.com" local="128324826000000000" remote="129371877600000000" />
<file name="fotogr32.jpg" server="ftp.cursocreativo.com" local="128324826000000000" remote="129371877600000000" />
<file name="fotogr33.jpg" server="ftp.cursocreativo.com" local="128324826000000000" remote="129371877600000000" />
<file name="fotogr34.jpg" server="ftp.cursocreativo.com" local="128324826000000000" remote="129371877600000000" />
<file name="fotogr35.jpg" server="ftp.cursocreativo.com" local="128324826000000000" remote="129371877600000000" />
<file name="fotogr36.jpg" server="ftp.cursocreativo.com" local="128324826000000000" remote="129371877600000000" />
<file name="fotogr37.jpg" server="ftp.cursocreativo.com" local="128324826000000000" remote="129371877600000000" />
<file name="fotogr38.jpg" server="ftp.cursocreativo.com" local="128324826000000000" remote="129371877600000000" />
<file name="fotogr39.jpg" server="ftp.cursocreativo.com" local="128324826000000000" remote="129371877600000000" />
<file name="fotogr4.jpg" server="ftp.cursocreativo.com" local="128324826000000000" remote="129371877600000000" />
<file name="fotogr40.jpg" server="ftp.cursocreativo.com" local="128324826000000000" remote="129371877600000000" />
<file name="fotogr41.jpg" server="ftp.cursocreativo.com" local="128324826000000000" remote="129371877600000000" />
<file name="fotogr42.jpg" server="ftp.cursocreativo.com" local="128324826000000000" remote="129371877600000000" />
<file name="fotogr43.jpg" server="ftp.cursocreativo.com" local="128324826000000000" remote="129371877600000000" />
<file name="fotogr44.jpg" server="ftp.cursocreativo.com" local="128324826000000000" remote="129371877600000000" />
<file name="fotogr45.jpg" server="ftp.cursocreativo.com" local="128324826000000000" remote="129371877600000000" />
<file name="fotogr46+.jpg" server="ftp.cursocreativo.com" local="128324826000000000" remote="129371877600000000" />
<file name="fotogr46.jpg" server="ftp.cursocreativo.com" local="128324826000000000" remote="129371877600000000" />
<file name="fotogr47.jpg" server="ftp.cursocreativo.com" local="128324826000000000" remote="129371877600000000" />
<file name="fotogr48.jpg" server="ftp.cursocreativo.com" local="128324826000000000" remote="129371877600000000" />
<file name="fotogr49.jpg" server="ftp.cursocreativo.com" local="128324826000000000" remote="129371877600000000" />
<file name="fotogr5.jpg" server="ftp.cursocreativo.com" local="128324826000000000" remote="129371877600000000" />
<file name="fotogr50.jpg" server="ftp.cursocreativo.com" local="128324826000000000" remote="129371877600000000" />
<file name="fotogr51.jpg" server="ftp.cursocreativo.com" local="128324826000000000" remote="129371877600000000" />
<file name="fotogr52.jpg" server="ftp.cursocreativo.com" local="128324826000000000" remote="129371877600000000" />
<file name="fotogr53.jpg" server="ftp.cursocreativo.com" local="128324826000000000" remote="129371877600000000" />
<file name="fotogr54.jpg" server="ftp.cursocreativo.com" local="128324826000000000" remote="129371877600000000" />
<file name="fotogr55.jpg" server="ftp.cursocreativo.com" local="128324826000000000" remote="129371877600000000" />
<file name="fotogr56.jpg" server="ftp.cursocreativo.com" local="128324826000000000" remote="129371877600000000" />
<file name="fotogr57.jpg" server="ftp.cursocreativo.com" local="128324826000000000" remote="129371877600000000" />
<file name="fotogr58.jpg" server="ftp.cursocreativo.com" local="128324826000000000" remote="129371877600000000" />
<file name="fotogr59.jpg" server="ftp.cursocreativo.com" local="128324826000000000" remote="129371877600000000" />
<file name="fotogr6.jpg" server="ftp.cursocreativo.com" local="128324826000000000" remote="129371878200000000" />
<file name="fotogr60.jpg" server="ftp.cursocreativo.com" local="128324826000000000" remote="129371878200000000" />
<file name="fotogr61.jpg" server="ftp.cursocreativo.com" local="128324826000000000" remote="129371878200000000" />
<file name="fotogr62.jpg" server="ftp.cursocreativo.com" local="128324826000000000" remote="129371878200000000" />
<file name="fotogr63.jpg" server="ftp.cursocreativo.com" local="128324826000000000" remote="129371878200000000" />
<file name="fotogr64.jpg" server="ftp.cursocreativo.com" local="128324826000000000" remote="129371878200000000" />
<file name="fotogr65.jpg" server="ftp.cursocreativo.com" local="128324826000000000" remote="129371878200000000" />
<file name="fotogr66.jpg" server="ftp.cursocreativo.com" local="128324826000000000" remote="129371878200000000" />
<file name="fotogr67.jpg" server="ftp.cursocreativo.com" local="128324826000000000" remote="129371878200000000" />
<file name="fotogr68.jpg" server="ftp.cursocreativo.com" local="128324826000000000" remote="129371878200000000" />
<file name="fotogr69.jpg" server="ftp.cursocreativo.com" local="128324826000000000" remote="129371878200000000" />
<file name="fotogr7.jpg" server="ftp.cursocreativo.com" local="128324826000000000" remote="129371878200000000" />
<file name="fotogr70.jpg" server="ftp.cursocreativo.com" local="128324826000000000" remote="129371878200000000" />
<file name="fotogr71.jpg" server="ftp.cursocreativo.com" local="128324826000000000" remote="129371878200000000" />
<file name="fotogr72.jpg" server="ftp.cursocreativo.com" local="128324826000000000" remote="129371878200000000" />
<file name="fotogr73.jpg" server="ftp.cursocreativo.com" local="128324826000000000" remote="129371878200000000" />
<file name="fotogr74.jpg" server="ftp.cursocreativo.com" local="128324826000000000" remote="129371878200000000" />
<file name="fotogr75.jpg" server="ftp.cursocreativo.com" local="128324826000000000" remote="129371878200000000" />
<file name="fotogr76.jpg" server="ftp.cursocreativo.com" local="128324826000000000" remote="129371878200000000" />
<file name="fotogr77.jpg" server="ftp.cursocreativo.com" local="128324826000000000" remote="129371878200000000" />
<file name="fotogr8.jpg" server="ftp.cursocreativo.com" local="128324826000000000" remote="129371878200000000" />
<file name="fotogr9.jpg" server="ftp.cursocreativo.com" local="128324826000000000" remote="129371878200000000" />
</dwsync>